{
  "FALLS CREEK ALPINE RESORT (UNINC)": {
    "center": [
      147.2665530602062,
      -36.863269202474214
    ],
    "raidus": 2.21840240160442
  },
  "MOUNT BULLER ALPINE RESORT (UNINC)": {
    "center": [
      146.44182401369113,
      -37.12564884831181
    ],
    "raidus": 2.7328804673557183
  },
  "CORANGAMITE": {
    "center": [
      143.26111777170158,
      -38.17972765840814
    ],
    "raidus": 37.66732215666143
  },
  "KINGSTON": {
    "center": [
      145.09447915220062,
      -38.011802801320385
    ],
    "raidus": 4.052964810144354
  },
  "FRANKSTON": {
    "center": [
      145.1200494660593,
      -38.12650549819449
    ],
    "raidus": 2.683679044369388
  },
  "GOLDEN PLAINS": {
    "center": [
      144.02040500749158,
      -37.98682663054187
    ],
    "raidus": 26.27709297659804
  },
  "MOIRA": {
    "center": [
      145.46943137637794,
      -35.93007817010467
    ],
    "raidus": 31.72271003983228
  },
  "INDIGO": {
    "center": [
      146.60151462936054,
      -36.03427842362765
    ],
    "raidus": 13.785198047172162
  },
  "WODONGA": {
    "center": [
      146.9247717497148,
      -36.082468894753994
    ],
    "raidus": 8.388148012129804
  },
  "DAREBIN": {
    "center": [
      145.0148274978899,
      -37.73256072591644
    ],
    "raidus": 3.763624214777088
  },
  "MAROONDAH": {
    "center": [
      145.27280652947988,
      -37.80962251438771
    ],
    "raidus": 4.26207467553586
  },
  "WEST WIMMERA": {
    "center": [
      141.54195224191335,
      -37.16580552663714
    ],
    "raidus": 21.343102835892438
  },
  "MARIBYRNONG": {
    "center": [
      144.8820302390765,
      -37.78725432019792
    ],
    "raidus": 2.9405191012955485
  },
  "HOBSONS BAY": {
    "center": [
      144.85556718509127,
      -37.86642020034888
    ],
    "raidus": 3.7191663199570177
  },
  "MANNINGHAM": {
    "center": [
      145.15939866935054,
      -37.7716883783608
    ],
    "raidus": 5.943726565934418
  },
  "WHITEHORSE": {
    "center": [
      145.1701289924237,
      -37.819503104352485
    ],
    "raidus": 4.036193865074869
  },
  "BOROONDARA": {
    "center": [
      145.05637322091,
      -37.82141759871358
    ],
    "raidus": 4.792747460039045
  },
  "KNOX": {
    "center": [
      145.2142682942205,
      -37.88957382465003
    ],
    "raidus": 3.8322300302225023
  },
  "MONASH": {
    "center": [
      145.20057867217815,
      -37.90157670950066
    ],
    "raidus": 2.3298155801498575
  },
  "YARRA": {
    "center": [
      145.01283718292572,
      -37.800450283759716
    ],
    "raidus": 2.497997026961651
  },
  "STONNINGTON": {
    "center": [
      145.05244429494388,
      -37.86083743275139
    ],
    "raidus": 2.765800889167637
  },
  "MURRINDINDI": {
    "center": [
      145.85484244751066,
      -37.52372895100432
    ],
    "raidus": 0.6263919456470802
  },
  "HINDMARSH": {
    "center": [
      141.91651301804637,
      -36.36550343439295
    ],
    "raidus": 31.469877064371946
  },
  "BASS COAST": {
    "center": [
      145.25578134696772,
      -38.49730295894849
    ],
    "raidus": 6.86352212518008
  },
  "GREATER SHEPPARTON": {
    "center": [
      145.24367592314712,
      -36.57958822953569
    ],
    "raidus": 20.195846718127367
  },
  "MOORABOOL": {
    "center": [
      144.36955608596983,
      -37.65229219816536
    ],
    "raidus": 21.01270519902416
  },
  "BALLARAT": {
    "center": [
      143.83743806397243,
      -37.591781946886854
    ],
    "raidus": 13.02105111440944
  },
  "HEPBURN": {
    "center": [
      143.9878357690854,
      -37.28020190758019
    ],
    "raidus": 20.617743192421244
  },
  "MOUNT ALEXANDER": {
    "center": [
      144.26991310925916,
      -37.02643588474256
    ],
    "raidus": 23.322396001833308
  },
  "CENTRAL GOLDFIELDS": {
    "center": [
      143.71152052863485,
      -37.05268035396009
    ],
    "raidus": 21.706170751310005
  },
  "BULOKE": {
    "center": [
      143.2095303164869,
      -35.97431408190167
    ],
    "raidus": 43.35972767603545
  },
  "GANNAWARRA": {
    "center": [
      144.14927889175587,
      -35.71983678449066
    ],
    "raidus": 24.584844386644836
  },
  "MILDURA": {
    "center": [
      141.7975366374326,
      -34.27835590770838
    ],
    "raidus": 58.443995408545085
  },
  "STRATHBOGIE": {
    "center": [
      145.33160653427004,
      -36.875808207239736
    ],
    "raidus": 20.828616375395892
  },
  "ALPINE": {
    "center": [
      147.2665251242268,
      -36.86329925551547
    ],
    "raidus": 2.221926361471972
  },
  "SURF COAST": {
    "center": [
      144.172600011563,
      -38.310387411753105
    ],
    "raidus": 18.951662412253235
  },
  "GREATER GEELONG": {
    "center": [
      144.47401996102766,
      -38.11549915855519
    ],
    "raidus": 17.625372529745334
  },
  "BENALLA": {
    "center": [
      146.06489403295632,
      -36.80726012756993
    ],
    "raidus": 17.72476217311389
  },
  "MORELAND": {
    "center": [
      144.94887054278254,
      -37.72735964843919
    ],
    "raidus": 3.747095123968818
  },
  "MOUNT HOTHAM ALPINE RESORT (UNINC)": {
    "center": [
      147.14322633236281,
      -36.99856541646903
    ],
    "raidus": 2.5815985498770653
  },
  "MOONEE VALLEY": {
    "center": [
      144.90762825496276,
      -37.748541367172315
    ],
    "raidus": 3.27391480347923
  },
  "WANGARATTA": {
    "center": [
      146.46667602066285,
      -36.53777867648486
    ],
    "raidus": 35.02156301444145
  },
  "WYNDHAM": {
    "center": [
      144.634379433404,
      -37.94633201386639
    ],
    "raidus": 10.193287927978007
  },
  "LATROBE": {
    "center": [
      146.56842736365743,
      -38.248331267390604
    ],
    "raidus": 15.694984368474953
  },
  "MANSFIELD": {
    "center": [
      146.48350320448085,
      -37.12208645885251
    ],
    "raidus": 3.747258647565732
  },
  "GLENELG": {
    "center": [
      141.49122319514362,
      -38.08878505793536
    ],
    "raidus": 40.81159698654142
  },
  "SOUTHERN GRAMPIANS": {
    "center": [
      141.83710947131095,
      -37.346532436498265
    ],
    "raidus": 34.30558691164557
  },
  "MOYNE": {
    "center": [
      142.66038516083202,
      -38.276620170382905
    ],
    "raidus": 41.72211791407385
  },
  "NORTHERN GRAMPIANS": {
    "center": [
      143.11116213947062,
      -36.81102025675049
    ],
    "raidus": 42.23846648955975
  },
  "SOUTH GIPPSLAND": {
    "center": [
      146.05413165079221,
      -38.75642905900986
    ],
    "raidus": 27.70073189567101
  },
  "YARRIAMBIACK": {
    "center": [
      142.41310633824136,
      -36.36122393484037
    ],
    "raidus": 41.46634665264009
  },
  "ARARAT": {
    "center": [
      142.96672734094489,
      -37.386867344625195
    ],
    "raidus": 37.23434499732717
  },
  "PYRENEES": {
    "center": [
      143.37293635660188,
      -37.30708624299834
    ],
    "raidus": 31.073237417074452
  },
  "HORSHAM": {
    "center": [
      142.16322157718994,
      -36.91530727803737
    ],
    "raidus": 36.298379149223955
  },
  "MACEDON RANGES": {
    "center": [
      144.67204461200603,
      -37.420427220650026
    ],
    "raidus": 20.483384630916138
  },
  "BAW BAW": {
    "center": [
      146.2519528553012,
      -37.84497117409638
    ],
    "raidus": 1.6858303323440493
  },
  "MELTON": {
    "center": [
      144.56555089621634,
      -37.66253861971032
    ],
    "raidus": 8.494744952930127
  },
  "HUME": {
    "center": [
      144.8828803407049,
      -37.59299095644975
    ],
    "raidus": 11.601406178393288
  },
  "WHITTLESEA": {
    "center": [
      145.04685536385395,
      -37.58140806700774
    ],
    "raidus": 11.909268364988097
  },
  "BRIMBANK": {
    "center": [
      144.79417837062488,
      -37.71262099491535
    ],
    "raidus": 5.223235753427174
  },
  "EAST GIPPSLAND": {
    "center": [
      148.16865944557588,
      -37.59025024056852
    ],
    "raidus": 89.34192240068663
  },